{
    "name": "root",
    "metadata": {
        "timer_format_version": "0.1.0",
        "start_time_seconds": "1628835506",
        "python_version": "3.7.9 (v3.7.9:13c94747c7, Aug 15 2020, 01:31:08) \n[Clang 6.0 (clang-600.0.57)]",
        "command_line_arguments": "/Library/Frameworks/Python.framework/Versions/3.7/bin/mlagents-learn --run-id TargetingWODemo --force",
        "mlagents_version": "0.27.0",
        "mlagents_envs_version": "0.27.0",
        "communication_protocol_version": "1.5.0",
        "pytorch_version": "1.7.0",
        "numpy_version": "1.20.3",
        "end_time_seconds": "1628835600"
    },
    "total": 93.95265683299999,
    "count": 1,
    "self": 0.004073832999978322,
    "children": {
        "run_training.setup": {
            "total": 0.015658958999999917,
            "count": 1,
            "self": 0.015658958999999917
        },
        "TrainerController.start_learning": {
            "total": 93.932924041,
            "count": 1,
            "self": 0.09711991900000783,
            "children": {
                "TrainerController._reset_env": {
                    "total": 7.383043084,
                    "count": 1,
                    "self": 7.383043084
                },
                "TrainerController.advance": {
                    "total": 86.40740662200001,
                    "count": 7608,
                    "self": 0.09467506100000378,
                    "children": {
                        "env_step": {
                            "total": 85.76245523799996,
                            "count": 7608,
                            "self": 81.55387152800034,
                            "children": {
                                "SubprocessEnvManager._take_step": {
                                    "total": 4.141597699000222,
                                    "count": 7608,
                                    "self": 0.24260426700018556,
                                    "children": {
                                        "TorchPolicy.evaluate": {
                                            "total": 3.8989934320000366,
                                            "count": 7537,
                                            "self": 0.7815987469993448,
                                            "children": {
                                                "TorchPolicy.sample_actions": {
                                                    "total": 3.1173946850006917,
                                                    "count": 7537,
                                                    "self": 3.1173946850006917
                                                }
                                            }
                                        }
                                    }
                                },
                                "workers": {
                                    "total": 0.06698601099940049,
                                    "count": 7607,
                                    "self": 0.0,
                                    "children": {
                                        "worker_root": {
                                            "total": 93.7057781480002,
                                            "count": 7607,
                                            "is_parallel": true,
                                            "self": 16.33769440099998,
                                            "children": {
                                                "run_training.setup": {
                                                    "total": 0.0,
                                                    "count": 0,
                                                    "is_parallel": true,
                                                    "self": 0.0,
                                                    "children": {
                                                        "steps_from_proto": {
                                                            "total": 0.004006416999999374,
                                                            "count": 1,
                                                            "is_parallel": true,
                                                            "self": 0.001205209000000096,
                                                            "children": {
                                                                "_process_rank_one_or_two_observation": {
                                                                    "total": 0.002801207999999278,
                                                                    "count": 2,
                                                                    "is_parallel": true,
                                                                    "self": 0.002801207999999278
                                                                }
                                                            }
                                                        },
                                                        "UnityEnvironment.step": {
                                                            "total": 0.06080599999999947,
                                                            "count": 1,
                                                            "is_parallel": true,
                                                            "self": 8.724999999998317e-05,
                                                            "children": {
                                                                "UnityEnvironment._generate_step_input": {
                                                                    "total": 0.00016641700000086246,
                                                                    "count": 1,
                                                                    "is_parallel": true,
                                                                    "self": 0.00016641700000086246
                                                                },
                                                                "communicator.exchange": {
                                                                    "total": 0.060325790999998574,
                                                                    "count": 1,
                                                                    "is_parallel": true,
                                                                    "self": 0.060325790999998574
                                                                },
                                                                "steps_from_proto": {
                                                                    "total": 0.00022654200000005176,
                                                                    "count": 1,
                                                                    "is_parallel": true,
                                                                    "self": 0.00010983299999978158,
                                                                    "children": {
                                                                        "_process_rank_one_or_two_observation": {
                                                                            "total": 0.00011670900000027018,
                                                                            "count": 2,
                                                                            "is_parallel": true,